<c3p0-config>
    <!-- 使用默认的配置读取连接池对象 -->
    <default-config>
        <!--  连接参数 -->
        <property name="driverClass">com.mysql.jdbc.Driver</property>
        <property name="jdbcUrl">jdbc:mysql://47.95.200.90:3306/takeaway_platform?useUnicode=true&amp;characterEncoding=utf-8&amp;useSSL=false&amp;serverTimezone=GMT</property>
        <property name="user">takeaway_platform</property>
        <property name="password">311214</property>

        <!-- 连接池参数 -->
        <property name="initialPoolSize">5</property>
        <property name="maxPoolSize">10</property>
        <property name="checkoutTimeout">3000</property>
    </default-config>
    2

    <named-config name="otherc3p0">
        <!--  连接参数 -->
        <property name="driverClass">com.mysql.jdbc.Driver</property>
        <property name="jdbcUrl">jdbc:mysql://47.95.200.90:3306/day25?useUnicode=true&amp;characterEncoding=utf-8&amp;useSSL=false&amp;serverTimezone=GMT</property>
        <property name="user">takeaway_platform</property>
        <property name="password">311214</property>

        <!-- 连接池参数 -->
        <property name="initialPoolSize">5</property>
        <property name="maxPoolSize">8</property>
        <property name="checkoutTimeout">1000</property>
    </named-config>
</c3p0-config>